date,high,low,open,close,volume,adjclose,formatted_date
1514764800,232.25999450683594,216.4199981689453,226.52000427246094,224.33999633789062,115831512,224.33999633789062,2018-01-01
1514851200,260.5299987792969,224.27999877929688,224.33999633789062,251.80999755859375,314730425,251.80999755859375,2018-01-02
1514937600,256.80999755859375,241.11000061035156,251.80999755859375,244.6300048828125,211596420,244.6300048828125,2018-01-03
1515024000,244.8800048828125,225.58999633789062,244.6300048828125,238.3000030517578,206659684,238.3000030517578,2018-01-04
1515110400,251.55999755859375,235.0,238.3000030517578,244.50999450683594,262545479,244.50999450683594,2018-01-05
1515196800,305.2099914550781,243.55999755859375,244.50999450683594,278.9200134277344,511915657,278.9200134277344,2018-01-06
1515283200,287.2699890136719,265.3699951171875,278.9200134277344,271.57000732421875,212682356,271.57000732421875,2018-01-07
1515369600,273.4700012207031,231.2100067138672,271.57000732421875,254.25,270377483,254.25,2018-01-08
1515456000,258.5899963378906,237.97999572753906,254.24000549316406,246.0399932861328,184228877,246.0399932861328,2018-01-09
1515542400,249.30999755859375,230.66000366210938,246.02000427246094,249.10000610351562,207658680,249.10000610351562,2018-01-10
1515628800,252.88999938964844,217.85000610351562,249.11000061035156,226.52999877929688,262771223,226.52999877929688,2018-01-11
1515715200,241.8300018310547,219.6199951171875,226.52999877929688,235.35000610351562,140305335,235.35000610351562,2018-01-12
1515801600,262.8699951171875,235.3000030517578,235.35000610351562,257.94000244140625,176341211,257.94000244140625,2018-01-13
1515888000,268.80999755859375,231.42999267578125,257.94000244140625,236.86000061035156,189083699,236.86000061035156,2018-01-14
1515974400,244.39999389648438,230.7899932861328,236.86000061035156,231.88999938964844,110848991,231.88999938964844,2018-01-15
1516060800,232.39999389648438,147.77999877929688,231.88999938964844,183.86000061035156,473245937,183.86000061035156,2018-01-16
1516147200,204.55999755859375,136.4499969482422,183.6999969482422,188.2100067138672,458374670,188.2100067138672,2018-01-17
1516233600,208.3699951171875,175.4600067138672,188.13999938964844,191.02999877929688,274884322,191.02999877929688,2018-01-18
1516320000,201.25,185.77999877929688,191.02999877929688,192.27000427246094,132586901,192.27000427246094,2018-01-19
1516406400,214.72000122070312,192.25999450683594,192.27000427246094,210.67999267578125,133356395,210.67999267578125,2018-01-20
1516492800,210.80999755859375,182.8800048828125,210.67999267578125,190.72999572753906,118925936,190.72999572753906,2018-01-21
1516579200,194.33999633789062,165.4199981689453,190.72000122070312,179.4199981689453,141918011,179.4199981689453,2018-01-22
1516665600,186.11000061035156,164.75999450683594,179.4199981689453,177.9199981689453,119223032,177.9199981689453,2018-01-23
1516752000,184.6999969482422,172.4199981689453,177.91000366210938,180.58999633789062,86367198,180.58999633789062,2018-01-24
1516838400,184.69000244140625,175.2100067138672,180.58999633789062,178.97000122070312,73767401,178.97000122070312,2018-01-25
1516924800,182.14999389648438,165.75999450683594,178.92999267578125,175.64999389648438,84960279,175.64999389648438,2018-01-26
1517011200,182.9199981689453,173.8800048828125,175.64999389648438,180.7100067138672,68085098,180.7100067138672,2018-01-27
1517097600,194.47999572753906,180.2899932861328,180.7100067138672,193.22999572753906,81443118,193.22999572753906,2018-01-28
1517184000,193.4199981689453,177.3699951171875,193.22999572753906,180.4499969482422,73715876,180.4499969482422,2018-01-29
1517270400,180.61000061035156,159.77000427246094,180.4499969482422,165.3800048828125,126940449,165.3800048828125,2018-01-30
1517356800,166.86000061035156,156.3699951171875,165.36000061035156,162.92999267578125,92416470,162.92999267578125,2018-01-31
1517443200,165.7100067138672,127.75,162.92999267578125,141.3699951171875,177798590,141.3699951171875,2018-02-01
1517529600,142.0,102.51000213623047,141.36000061035156,131.1699981689453,264489437,131.1699981689453,2018-02-02
1517616000,166.3300018310547,120.41000366210938,131.1699981689453,161.0,220733569,161.0,2018-02-03
1517702400,174.66000366210938,136.9600067138672,161.0,147.5500030517578,348903981,147.5500030517578,2018-02-04
1517788800,153.89999389648438,114.72000122070312,147.5500030517578,125.04000091552734,328173135,125.04000091552734,2018-02-05
1517875200,147.25999450683594,105.5,125.0199966430664,141.85000610351562,397024992,141.85000610351562,2018-02-06
1517961600,159.11000061035156,130.74000549316406,141.85000610351562,137.83999633789062,252715544,137.83999633789062,2018-02-07
1518048000,151.13999938964844,136.97000122070312,137.83999633789062,149.47999572753906,135986158,149.47999572753906,2018-02-08
1518134400,164.24000549316406,142.13999938964844,149.5399932861328,163.89999389648438,148089557,163.89999389648438,2018-02-09
1518220800,169.32000732421875,147.97000122070312,163.9199981689453,154.91000366210938,176947228,154.91000366210938,2018-02-10
1518307200,155.86000061035156,141.8000030517578,154.91000366210938,149.05999755859375,93014379,149.05999755859375,2018-02-11
1518393600,163.3000030517578,149.02999877929688,149.05999755859375,161.39999389648438,103639383,161.39999389648438,2018-02-12
1518480000,162.19000244140625,153.0,161.39999389648438,159.0500030517578,64925748,159.0500030517578,2018-02-13
1518566400,217.4199981689453,159.0500030517578,159.0500030517578,212.00999450683594,583527603,212.00999450683594,2018-02-14
1518652800,237.14999389648438,206.77000427246094,212.00999450683594,221.0800018310547,503035315,221.0800018310547,2018-02-15
1518739200,234.8300018310547,210.25,221.0800018310547,228.38999938964844,285095066,228.38999938964844,2018-02-16
1518825600,232.7100067138672,224.11000061035156,228.38999938964844,229.41000366210938,136508884,229.41000366210938,2018-02-17
1518912000,231.97000122070312,211.89999389648438,229.42999267578125,214.22000122070312,221587127,214.22000122070312,2018-02-18
1518998400,226.2100067138672,213.50999450683594,214.16000366210938,221.97000122070312,124644378,221.97000122070312,2018-02-19
1519084800,252.1999969482422,221.38999938964844,221.97000122070312,229.3800048828125,448688720,229.3800048828125,2018-02-20
1519171200,231.6999969482422,204.80999755859375,229.42999267578125,210.25999450683594,324317151,210.25999450683594,2018-02-21
1519257600,221.44000244140625,188.80999755859375,210.25999450683594,192.91000366210938,269393148,192.91000366210938,2018-02-22
1519344000,215.83999633789062,182.3699951171875,192.91000366210938,206.60000610351562,253168167,206.60000610351562,2018-02-23
1519430400,218.4499969482422,194.86000061035156,206.60000610351562,206.35000610351562,206867570,206.35000610351562,2018-02-24
1519516800,223.10000610351562,200.05999755859375,206.3800048828125,218.30999755859375,202904391,218.30999755859375,2018-02-25
1519603200,231.60000610351562,214.74000549316406,218.52000427246094,218.6199951171875,283282159,218.6199951171875,2018-02-26
1519689600,223.2100067138672,212.1300048828125,218.6199951171875,215.14999389648438,145775086,215.14999389648438,2018-02-27
1519776000,223.61000061035156,201.58999633789062,215.14999389648438,202.13999938964844,153831817,202.13999938964844,2018-02-28
1519862400,214.67999267578125,200.47000122070312,202.13999938964844,209.32000732421875,111779752,209.32000732421875,2018-03-01
1519948800,213.4199981689453,204.5,209.30999755859375,212.58999633789062,84393296,212.58999633789062,2018-03-02
1520035200,217.99000549316406,209.02999877929688,212.61000061035156,210.2899932861328,112747585,210.2899932861328,2018-03-03
1520121600,214.64999389648438,205.17999267578125,210.2899932861328,213.36000061035156,67818928,213.36000061035156,2018-03-04
1520208000,215.97000122070312,209.19000244140625,213.36000061035156,210.8000030517578,69862750,210.8000030517578,2018-03-05
1520294400,210.80999755859375,191.6999969482422,210.8000030517578,196.5800018310547,136364561,196.5800018310547,2018-03-06
1520380800,199.47000122070312,174.32000732421875,196.5800018310547,186.0399932861328,196927717,186.0399932861328,2018-03-07
1520467200,188.17999267578125,174.69000244140625,186.0500030517578,175.82000732421875,124496969,175.82000732421875,2018-03-08
1520553600,189.97999572753906,158.82000732421875,175.82000732421875,186.3800048828125,248799371,186.3800048828125,2018-03-09
1520640000,194.72999572753906,175.5500030517578,186.3800048828125,177.3000030517578,125536991,177.3000030517578,2018-03-10
1520726400,193.19000244140625,171.60000610351562,177.3000030517578,188.38999938964844,130493862,188.38999938964844,2018-03-11
1520812800,193.0399932861328,174.63999938964844,188.3800048828125,177.85000610351562,123163748,177.85000610351562,2018-03-12
1520899200,181.94000244140625,171.3300018310547,177.85000610351562,175.47000122070312,97844283,175.47000122070312,2018-03-13
1520985600,178.0399932861328,157.7899932861328,175.47000122070312,160.77000427246094,116916175,160.77000427246094,2018-03-14
1521072000,167.80999755859375,150.3000030517578,160.77000427246094,164.27999877929688,152065919,164.27999877929688,2018-03-15
1521158400,172.02000427246094,158.55999755859375,164.27999877929688,164.9499969482422,97457804,164.9499969482422,2018-03-16
1521244800,165.6199951171875,151.00999450683594,164.9499969482422,152.64999389648438,87970243,152.64999389648438,2018-03-17
1521331200,157.44000244140625,137.50999450683594,152.64999389648438,153.94000244140625,166006029,153.94000244140625,2018-03-18
1521417600,163.91000366210938,151.02000427246094,153.94000244140625,161.50999450683594,125855703,161.50999450683594,2018-03-19
1521504000,173.8000030517578,155.7899932861328,161.50999450683594,169.08999633789062,113739250,169.08999633789062,2018-03-20
1521590400,175.41000366210938,165.50999450683594,169.08999633789062,168.7100067138672,100728004,168.7100067138672,2018-03-21
1521676800,172.52999877929688,160.1699981689453,168.74000549316406,163.92999267578125,85077161,163.92999267578125,2018-03-22
1521763200,169.0399932861328,157.0500030517578,163.9199981689453,168.85000610351562,74392970,168.85000610351562,2018-03-23
1521849600,169.69000244140625,158.41000366210938,168.85000610351562,159.0500030517578,62032422,159.0500030517578,2018-03-24
1521936000,163.22000122070312,157.61000061035156,159.0500030517578,160.30999755859375,45066192,160.30999755859375,2018-03-25
1522018800,160.9600067138672,142.08999633789062,160.30999755859375,148.27999877929688,113770581,148.27999877929688,2018-03-25
1522105200,149.3300018310547,134.75,148.27999877929688,134.8800048828125,100360248,134.8800048828125,2018-03-26
1522191600,139.7899932861328,130.24000549316406,134.86000061035156,131.66000366210938,73816273,131.66000366210938,2018-03-27
1522278000,132.52000427246094,112.6500015258789,131.66000366210938,114.66000366210938,159535092,114.66000366210938,2018-03-28
1522364400,126.56999969482422,109.61000061035156,114.66000366210938,118.48999786376953,142506855,118.48999786376953,2018-03-29
1522450800,125.20999908447266,115.68000030517578,118.48999786376953,116.31999969482422,69205423,116.31999969482422,2018-03-30
1522537200,118.37000274658203,110.02999877929688,116.31999969482422,115.11000061035156,61953932,115.11000061035156,2018-03-31
1522623600,121.72000122070312,114.41000366210938,115.11000061035156,119.26000213623047,55199053,119.26000213623047,2018-04-01
1522710000,137.39999389648438,118.47000122070312,119.26000213623047,134.22999572753906,94696369,134.22999572753906,2018-04-02
1522796400,134.92999267578125,115.58000183105469,134.22999572753906,118.36000061035156,111839267,118.36000061035156,2018-04-03
1522882800,122.69000244140625,113.88999938964844,118.36000061035156,118.76000213623047,74831516,118.76000213623047,2018-04-04
1522969200,120.47000122070312,112.12000274658203,118.76000213623047,113.18000030517578,51417781,113.18000030517578,2018-04-05
1523055600,119.8499984741211,112.97000122070312,113.19000244140625,116.19999694824219,48395805,116.19999694824219,2018-04-06
1523142000,118.6500015258789,115.58000183105469,116.19999694824219,117.87000274658203,35572589,117.87000274658203,2018-04-07
1523228400,123.20999908447266,112.94999694824219,117.87999725341797,115.0199966430664,72718908,115.0199966430664,2018-04-08
1523314800,115.45999908447266,111.79000091552734,115.0199966430664,114.41000366210938,42165656,114.41000366210938,2018-04-09
1523401200,119.93000030517578,113.30000305175781,114.41000366210938,118.4000015258789,44183675,118.4000015258789,2018-04-10
1523487600,130.91000366210938,113.2699966430664,118.31999969482422,129.7100067138672,175105506,129.7100067138672,2018-04-11
1523574000,133.6699981689453,124.06999969482422,129.7100067138672,125.56999969482422,133115960,125.56999969482422,2018-04-12
1523660400,129.75999450683594,124.43000030517578,125.56999969482422,126.52999877929688,45425829,126.52999877929688,2018-04-13
1523746800,132.9199981689453,126.52999877929688,126.55000305175781,132.6999969482422,54928885,132.6999969482422,2018-04-14
1523833200,133.38999938964844,125.27999877929688,132.7100067138672,128.83999633789062,60722721,128.83999633789062,2018-04-15
1523919600,140.41000366210938,128.80999755859375,128.83999633789062,132.33999633789062,114879247,132.33999633789062,2018-04-16
1524006000,141.67999267578125,132.22999572753906,132.33999633789062,140.47999572753906,73579068,140.47999572753906,2018-04-17
1524092400,147.72000122070312,138.99000549316406,140.49000549316406,146.5800018310547,83357914,146.5800018310547,2018-04-18
1524178800,156.55999755859375,143.4499969482422,146.5800018310547,155.72999572753906,109540332,155.72999572753906,2018-04-19
1524265200,157.0800018310547,141.08999633789062,155.72999572753906,148.5,106943733,148.5,2018-04-20
1524351600,153.17999267578125,145.0,148.5,146.6699981689453,58383011,146.6699981689453,2018-04-21
1524438000,153.52000427246094,146.47999572753906,146.6699981689453,152.63999938964844,63992360,152.63999938964844,2018-04-22
1524524400,165.97999572753906,152.61000061035156,152.63999938964844,164.69000244140625,155649983,164.69000244140625,2018-04-23
1524610800,164.8800048828125,140.6699981689453,164.69000244140625,144.99000549316406,178366490,144.99000549316406,2018-04-24
1524697200,154.5800018310547,142.27999877929688,145.0,153.22000122070312,74752098,153.22000122070312,2018-04-25
1524783600,153.67999267578125,145.35000610351562,153.19000244140625,145.8699951171875,76713116,145.8699951171875,2018-04-26
1524870000,153.19000244140625,145.07000732421875,145.8699951171875,151.9600067138672,51094847,151.9600067138672,2018-04-27
1524956400,156.39999389648438,148.16000366210938,151.9600067138672,153.42999267578125,54397059,153.42999267578125,2018-04-28
1525042800,154.25999450683594,147.13999938964844,153.42999267578125,148.27000427246094,45542973,148.27000427246094,2018-04-29
1525129200,148.72000122070312,142.97000122070312,148.27000427246094,147.99000549316406,61164623,147.99000549316406,2018-04-30
1525215600,153.3000030517578,146.36000061035156,148.02000427246094,151.2100067138672,43485994,151.2100067138672,2018-05-01
1525302000,164.02000427246094,150.6999969482422,151.2100067138672,161.22000122070312,110154634,161.22000122070312,2018-05-02
1525388400,171.38999938964844,157.5800018310547,161.22000122070312,168.72999572753906,101035488,168.72999572753906,2018-05-03
1525474800,182.99000549316406,167.77000427246094,168.75999450683594,178.16000366210938,122414027,178.16000366210938,2018-05-04
1525561200,183.07000732421875,165.22999572753906,178.16000366210938,171.66000366210938,104848948,171.66000366210938,2018-05-05
1525647600,172.07000732421875,157.50999450683594,171.83999633789062,164.22999572753906,97537791,164.22999572753906,2018-05-06
1525734000,168.16000366210938,157.30999755859375,164.24000549316406,159.0399932861328,77383969,159.0399932861328,2018-05-07
1525820400,160.13999938964844,150.9600067138672,159.0399932861328,156.77999877929688,64840032,156.77999877929688,2018-05-08
1525906800,160.72000122070312,147.86000061035156,156.77999877929688,148.24000549316406,55767733,148.24000549316406,2018-05-09
1525993200,148.52000427246094,133.55999755859375,148.24000549316406,136.47000122070312,116335404,136.47000122070312,2018-05-10
1526079600,144.75,131.52999877929688,136.47000122070312,141.82000732421875,64058613,141.82000732421875,2018-05-11
1526166000,146.82000732421875,136.9600067138672,141.82000732421875,144.41000366210938,47969261,144.41000366210938,2018-05-12
1526252400,152.8000030517578,134.52999877929688,144.41000366210938,147.38999938964844,124684754,147.38999938964844,2018-05-13
1526338800,149.64999389648438,137.9199981689453,147.38999938964844,139.55999755859375,74327593,139.55999755859375,2018-05-14
1526425200,140.97999572753906,134.67999267578125,139.55999755859375,139.32000732421875,50432313,139.32000732421875,2018-05-15
1526511600,141.5,131.47999572753906,139.32000732421875,132.6300048828125,43571216,132.6300048828125,2018-05-16
1526598000,137.5800018310547,129.1300048828125,132.6300048828125,136.19000244140625,55740005,136.19000244140625,2018-05-17
1526684400,137.89999389648438,133.1300048828125,136.19000244140625,135.13999938964844,31865673,135.13999938964844,2018-05-18
1526770800,140.6300048828125,132.6300048828125,135.13999938964844,139.5800018310547,36674558,139.5800018310547,2018-05-19
1526857200,140.02999877929688,133.72999572753906,139.5800018310547,134.27999877929688,36979560,134.27999877929688,2018-05-20
1526943600,135.83999633789062,127.62999725341797,134.27999877929688,128.1300048828125,39718676,128.1300048828125,2018-05-21
1527030000,129.3699951171875,116.37000274658203,128.1300048828125,118.69999694824219,70801644,118.69999694824219,2018-05-22
1527116400,124.95999908447266,115.0199966430664,118.72000122070312,122.87999725341797,56072299,122.87999725341797,2018-05-23
1527202800,124.31999969482422,117.18000030517578,122.87999725341797,119.06999969482422,38995787,119.06999969482422,2018-05-24
1527289200,122.44000244140625,117.54000091552734,119.06999969482422,118.44000244140625,27760304,118.44000244140625,2018-05-25
1527375600,119.08000183105469,116.72000122070312,118.44000244140625,117.95999908447266,27455036,117.95999908447266,2018-05-26
1527462000,119.01000213623047,110.5,117.95999908447266,111.16999816894531,48882435,111.16999816894531,2018-05-27
1527548400,122.70999908447266,109.9000015258789,111.16999816894531,119.5,55588062,119.5,2018-05-28
1527634800,122.8499984741211,115.0199966430664,119.48999786376953,117.2300033569336,42373472,117.2300033569336,2018-05-29
1527721200,120.9000015258789,116.44000244140625,117.2300033569336,118.37999725341797,37147157,118.37999725341797,2018-05-30
1527807600,120.52999877929688,116.9000015258789,118.37999725341797,120.19999694824219,33361533,120.19999694824219,2018-05-31
1527894000,124.41999816894531,118.81999969482422,120.19999694824219,123.62000274658203,35986922,123.62000274658203,2018-06-01
1527980400,128.0500030517578,122.30000305175781,123.62000274658203,125.18000030517578,32685265,125.18000030517578,2018-06-02
1528066800,126.72000122070312,118.37999725341797,125.18000030517578,119.95999908447266,29898012,119.95999908447266,2018-06-03
1528153200,122.41000366210938,116.30999755859375,119.95999908447266,122.08000183105469,32609984,122.08000183105469,2018-06-04
1528239600,122.66999816894531,118.52999877929688,122.08000183105469,121.48999786376953,28354244,121.48999786376953,2018-06-05
1528326000,123.55999755859375,119.66999816894531,121.48999786376953,121.62999725341797,29585122,121.62999725341797,2018-06-06
1528412400,122.05999755859375,118.44999694824219,121.62999725341797,119.98999786376953,21602360,119.98999786376953,2018-06-07
1528498800,120.95999908447266,117.11000061035156,119.98999786376953,117.45999908447266,17196076,117.45999908447266,2018-06-08
1528585200,117.45999908447266,103.19000244140625,117.45999908447266,106.75,89238775,106.75,2018-06-09
1528671600,108.7300033569336,103.08000183105469,106.7300033569336,107.22000122070312,47301326,107.22000122070312,2018-06-10
1528758000,107.91999816894531,97.44000244140625,107.22000122070312,100.04000091552734,54531308,100.04000091552734,2018-06-11
1528844400,100.37999725341797,89.27999877929688,100.04000091552734,93.73999786376953,68066180,93.73999786376953,2018-06-12
1528930800,102.91999816894531,92.83999633789062,93.70999908447266,101.0199966430664,54886993,101.0199966430664,2018-06-13
1529017200,101.0199966430664,94.7699966430664,101.0199966430664,95.55000305175781,29612043,95.55000305175781,2018-06-14
1529103600,97.58000183105469,92.77999877929688,95.55000305175781,96.69999694824219,20925978,96.69999694824219,2018-06-15
1529190000,98.22000122070312,94.66999816894531,96.69999694824219,94.9800033569336,15068744,94.9800033569336,2018-06-16
1529276400,99.80999755859375,93.16999816894531,94.9800033569336,98.7300033569336,31106171,98.7300033569336,2018-06-17
1529362800,101.58000183105469,97.02999877929688,98.7300033569336,98.66000366210938,24653268,98.66000366210938,2018-06-18
1529449200,98.94999694824219,95.4000015258789,98.66000366210938,97.8499984741211,17993415,97.8499984741211,2018-06-19
1529535600,99.19999694824219,96.05000305175781,97.8499984741211,96.69999694824219,16913063,96.69999694824219,2018-06-20
1529622000,96.80000305175781,80.25,96.69999694824219,84.95999908447266,67626758,84.95999908447266,2018-06-21
1529708400,86.94999694824219,81.55999755859375,84.97000122070312,82.97000122070312,26051707,82.97000122070312,2018-06-22
1529794800,83.66999816894531,73.43000030517578,82.95999908447266,80.62000274658203,57122872,80.62000274658203,2018-06-23
1529881200,84.37000274658203,78.7300033569336,80.62000274658203,81.61000061035156,35940220,81.61000061035156,2018-06-24
1529967600,82.5,75.37999725341797,81.61000061035156,75.83000183105469,25910816,75.83000183105469,2018-06-25
1530054000,81.81999969482422,74.97000122070312,75.81999969482422,80.7300033569336,28520796,80.7300033569336,2018-06-26
1530140400,81.26000213623047,74.06999969482422,80.7300033569336,74.19000244140625,28660312,74.19000244140625,2018-06-27
1530226800,80.51000213623047,72.52999877929688,74.18000030517578,79.04000091552734,39528213,79.04000091552734,2018-06-28
1530313200,84.33999633789062,79.02999877929688,79.04000091552734,81.12000274658203,34771578,81.12000274658203,2018-06-29
1530399600,81.47000122070312,77.75,81.12000274658203,79.88999938964844,17128443,79.88999938964844,2018-06-30
1530486000,86.73999786376953,78.27999877929688,79.88999938964844,85.48999786376953,31692258,85.48999786376953,2018-07-01
1530572400,89.83999633789062,84.04000091552734,85.48999786376953,84.98999786376953,36685141,84.98999786376953,2018-07-02
1530658800,89.04000091552734,83.47000122070312,84.98999786376953,85.4000015258789,23444801,85.4000015258789,2018-07-03
1530745200,86.88999938964844,81.93000030517578,85.4000015258789,83.30000305175781,29563885,83.30000305175781,2018-07-04
1530831600,84.08999633789062,80.77999877929688,83.30000305175781,83.08000183105469,18789194,83.08000183105469,2018-07-05
1530918000,85.38999938964844,79.47000122070312,83.08000183105469,84.87999725341797,20619467,84.87999725341797,2018-07-06
1531004400,85.63999938964844,81.93000030517578,84.87999725341797,82.22000122070312,19643413,82.22000122070312,2018-07-07
1531090800,83.08000183105469,80.08000183105469,82.22000122070312,80.47000122070312,20788466,80.47000122070312,2018-07-08
1531177200,80.5199966430664,74.48999786376953,80.47000122070312,75.94000244140625,36901216,75.94000244140625,2018-07-09
1531263600,80.93000030517578,75.55999755859375,75.94000244140625,78.30000305175781,29056363,78.30000305175781,2018-07-10
1531350000,78.31999969482422,74.43000030517578,78.30000305175781,76.98999786376953,24018017,76.98999786376953,2018-07-11
1531436400,78.58999633789062,75.20999908447266,76.98999786376953,76.62000274658203,24157905,76.62000274658203,2018-07-12
1531522800,77.45999908447266,75.58999633789062,76.62000274658203,76.2699966430664,13110692,76.2699966430664,2018-07-13
1531609200,79.38999938964844,75.3499984741211,76.2699966430664,78.62999725341797,18017491,78.62999725341797,2018-07-14
1531695600,84.13999938964844,77.83000183105469,78.62999725341797,83.66999816894531,34823097,83.66999816894531,2018-07-15
1531782000,90.08999633789062,81.55000305175781,83.66999816894531,89.05000305175781,43888986,89.05000305175781,2018-07-16
1531868400,94.4000015258789,85.16000366210938,89.05000305175781,86.31999969482422,54461532,86.31999969482422,2018-07-17
1531954800,88.91999816894531,85.06999969482422,86.31999969482422,86.19999694824219,25284176,86.19999694824219,2018-07-18
1532041200,86.61000061035156,81.08000183105469,86.19999694824219,81.81999969482422,30958978,81.81999969482422,2018-07-19
1532127600,84.7699966430664,79.73999786376953,81.81999969482422,83.61000061035156,17040213,83.61000061035156,2018-07-20
1532214000,84.06999969482422,81.87000274658203,83.55999755859375,82.30000305175781,16559526,82.30000305175781,2018-07-21
1532300400,85.87000274658203,81.23999786376953,82.30000305175781,81.25,28295705,81.25,2018-07-22
1532386800,89.55000305175781,80.83999633789062,81.25,89.16000366210938,44747408,89.16000366210938,2018-07-23
1532473200,90.4800033569336,84.88999938964844,89.19000244140625,86.33999633789062,25220487,86.33999633789062,2018-07-24
1532559600,87.80000305175781,82.86000061035156,86.33999633789062,83.54000091552734,17925965,83.54000091552734,2018-07-25
1532646000,85.01000213623047,81.5999984741211,83.54000091552734,84.44999694824219,21464619,84.44999694824219,2018-07-26
1532732400,84.63999938964844,82.47000122070312,84.44999694824219,84.0199966430664,9079264,84.0199966430664,2018-07-27
1532818800,85.16999816894531,83.38999938964844,84.0199966430664,83.94999694824219,8510256,83.94999694824219,2018-07-28
1532905200,84.62999725341797,79.77999877929688,83.94999694824219,82.19000244140625,20544419,82.19000244140625,2018-07-29
1532991600,82.41999816894531,76.05000305175781,82.19000244140625,78.83999633789062,26505388,78.83999633789062,2018-07-30
1533078000,79.0199966430664,75.98999786376953,78.83999633789062,77.63999938964844,20876041,77.63999938964844,2018-07-31
1533164400,78.37999725341797,75.55000305175781,77.63999938964844,76.19999694824219,12805088,76.19999694824219,2018-08-01
1533250800,77.79000091552734,74.97000122070312,76.19999694824219,77.58999633789062,15839820,77.58999633789062,2018-08-02
1533337200,78.02999877929688,72.30999755859375,77.58999633789062,73.0199966430664,15255841,73.0199966430664,2018-08-03
1533423600,74.66000366210938,72.4000015258789,73.0199966430664,74.6500015258789,10567346,74.6500015258789,2018-08-04
1533510000,76.79000091552734,72.47000122070312,74.6500015258789,73.58000183105469,13165465,73.58000183105469,2018-08-05
1533596400,75.04000091552734,66.66999816894531,73.58000183105469,67.33000183105469,28846084,67.33000183105469,2018-08-06
1533682800,67.47000122070312,60.970001220703125,67.33000183105469,62.220001220703125,43140754,62.220001220703125,2018-08-07
1533769200,65.05999755859375,60.189998626708984,62.220001220703125,63.0099983215332,24042619,63.0099983215332,2018-08-08
1533855600,63.209999084472656,58.11000061035156,63.02000045776367,59.13999938964844,23475581,59.13999938964844,2018-08-09
1533942000,60.08000183105469,55.08000183105469,59.13999938964844,57.90999984741211,27585466,57.90999984741211,2018-08-10
1534028400,61.689998626708984,57.349998474121094,57.90999984741211,59.369998931884766,17851075,59.369998931884766,2018-08-11
1534114800,60.58000183105469,55.720001220703125,59.369998931884766,56.470001220703125,17307509,56.470001220703125,2018-08-12
1534201200,56.4900016784668,49.310001373291016,56.4900016784668,54.369998931884766,38140859,54.369998931884766,2018-08-13
1534287600,59.349998474121094,53.959999084472656,54.369998931884766,54.40999984741211,44720269,54.40999984741211,2018-08-14
1534374000,57.630001068115234,54.150001525878906,54.40999984741211,55.38999938964844,15751740,55.38999938964844,2018-08-15
1534460400,61.83000183105469,55.13999938964844,55.38999938964844,61.790000915527344,25170257,61.790000915527344,2018-08-16
1534546800,62.41999816894531,55.47999954223633,61.790000915527344,57.2400016784668,19299587,57.2400016784668,2018-08-17
1534633200,58.970001220703125,56.349998474121094,57.2400016784668,57.81999969482422,11648423,57.81999969482422,2018-08-18
1534719600,58.529998779296875,53.25,57.81999969482422,53.400001525878906,29232592,53.400001525878906,2018-08-19
1534806000,56.779998779296875,53.220001220703125,53.400001525878906,56.400001525878906,13242617,56.400001525878906,2018-08-20
1534892400,59.20000076293945,53.959999084472656,56.400001525878906,55.18000030517578,27522586,55.18000030517578,2018-08-21
1534978800,57.880001068115234,54.939998626708984,55.18000030517578,57.279998779296875,12764146,57.279998779296875,2018-08-22
1535065200,58.349998474121094,55.630001068115234,57.279998779296875,57.91999816894531,10872548,57.91999816894531,2018-08-23
1535151600,58.380001068115234,57.099998474121094,57.91999816894531,57.939998626708984,7189841,57.939998626708984,2018-08-24
1535238000,58.13999938964844,55.97999954223633,57.939998626708984,57.08000183105469,7597575,57.08000183105469,2018-08-25
1535324400,61.099998474121094,56.65999984741211,57.09000015258789,60.689998626708984,14751667,60.689998626708984,2018-08-26
1535410800,63.77000045776367,59.77000045776367,60.689998626708984,63.15999984741211,22900898,63.15999984741211,2018-08-27
1535497200,63.380001068115234,60.33000183105469,63.15999984741211,61.540000915527344,15761195,61.540000915527344,2018-08-28
1535583600,61.68000030517578,58.619998931884766,61.540000915527344,60.22999954223633,14352084,60.22999954223633,2018-08-29
1535670000,62.720001220703125,59.56999969482422,60.220001220703125,62.130001068115234,11993871,62.130001068115234,2018-08-30
1535756400,67.87999725341797,62.11000061035156,62.119998931884766,66.47000122070312,25828917,66.47000122070312,2018-08-31
1535842800,66.98999786376953,64.19999694824219,66.47000122070312,66.22000122070312,14702952,66.22000122070312,2018-09-01
1535929200,66.5,64.41000366210938,66.2300033569336,65.37999725341797,12060075,65.37999725341797,2018-09-02
1536015600,69.37999725341797,65.3499984741211,65.37999725341797,67.68000030517578,23820410,67.68000030517578,2018-09-03
1536102000,68.33000183105469,57.52000045776367,67.68000030517578,57.72999954223633,44300364,57.72999954223633,2018-09-04
1536188400,57.79999923706055,53.97999954223633,57.72999954223633,57.4900016784668,39640901,57.4900016784668,2018-09-05
1536274800,58.66999816894531,55.08000183105469,57.4900016784668,55.54999923706055,16390251,55.54999923706055,2018-09-06
1536361200,57.2400016784668,51.900001525878906,55.54999923706055,53.13999938964844,17009922,53.13999938964844,2018-09-07
1536447600,56.72999954223633,52.20000076293945,53.13999938964844,54.720001220703125,16490645,54.720001220703125,2018-09-08
1536534000,56.459999084472656,53.119998931884766,54.720001220703125,54.34000015258789,16736003,54.34000015258789,2018-09-09
1536620400,54.77000045776367,50.0,54.34000015258789,52.0,21845704,52.0,2018-09-10
1536706800,52.040000915527344,47.220001220703125,52.0,51.630001068115234,27383821,51.630001068115234,2018-09-11
1536793200,55.2599983215332,51.630001068115234,51.630001068115234,54.54999923706055,25767985,54.54999923706055,2018-09-12
1536879600,58.90999984741211,52.970001220703125,54.54999923706055,56.279998779296875,30450782,56.279998779296875,2018-09-13
1536966000,58.7599983215332,55.65999984741211,56.279998779296875,56.36000061035156,15655744,56.36000061035156,2018-09-14
1537052400,57.470001220703125,54.54999923706055,56.349998474121094,56.790000915527344,14090798,56.790000915527344,2018-09-15
1537138800,57.81999969482422,51.41999816894531,56.790000915527344,52.09000015258789,25752788,52.09000015258789,2018-09-16
1537225200,55.41999816894531,50.540000915527344,52.09000015258789,54.0,20414404,54.0,2018-09-17
1537311600,55.02000045776367,51.68000030517578,54.0,54.310001373291016,22847896,54.310001373291016,2018-09-18
1537398000,57.36000061035156,53.400001525878906,54.310001373291016,56.59000015258789,15211777,56.59000015258789,2018-09-19
1537484400,62.72999954223633,56.36000061035156,56.59000015258789,60.869998931884766,37269167,60.869998931884766,2018-09-20
1537570800,61.779998779296875,58.08000183105469,60.869998931884766,60.599998474121094,22668296,60.599998474121094,2018-09-21
1537657200,63.59000015258789,59.93000030517578,60.599998474121094,61.36000061035156,22080847,61.36000061035156,2018-09-22
1537743600,61.40999984741211,57.16999816894531,61.36000061035156,57.95000076293945,25265021,57.95000076293945,2018-09-23
1537830000,58.04999923706055,54.36000061035156,57.95000076293945,57.540000915527344,29810649,57.540000915527344,2018-09-24
1537916400,59.79999923706055,56.47999954223633,57.540000915527344,57.22999954223633,22413106,57.22999954223633,2018-09-25
1538002800,65.61000061035156,56.689998626708984,57.22999954223633,63.220001220703125,54532694,63.220001220703125,2018-09-26
1538089200,64.80999755859375,60.189998626708984,63.220001220703125,61.84000015258789,29201013,61.84000015258789,2018-09-27
1538175600,62.2599983215332,58.970001220703125,61.84000015258789,61.540000915527344,16457456,61.540000915527344,2018-09-28
1538262000,63.029998779296875,59.81999969482422,61.540000915527344,61.099998474121094,22234678,61.099998474121094,2018-09-29
1538348400,62.060001373291016,59.31999969482422,61.099998474121094,60.279998779296875,16058989,60.279998779296875,2018-09-30
1538434800,61.5099983215332,58.86000061035156,60.279998779296875,59.34000015258789,14348240,59.34000015258789,2018-10-01
1538521200,59.41999816894531,56.529998779296875,59.34000015258789,57.36000061035156,16982307,57.36000061035156,2018-10-02
1538607600,59.11000061035156,57.25,57.36000061035156,58.13999938964844,12834825,58.13999938964844,2018-10-03
1538694000,59.619998931884766,57.439998626708984,58.13999938964844,58.75,11139571,58.75,2018-10-04
1538780400,58.900001525878906,56.849998474121094,58.75,57.81999969482422,9412964,57.81999969482422,2018-10-05
1538866800,58.41999816894531,56.900001525878906,57.81999969482422,58.09000015258789,8527372,58.09000015258789,2018-10-06
1538953200,59.97999954223633,57.529998779296875,58.09000015258789,59.439998626708984,14795858,59.439998626708984,2018-10-07
1539039600,59.599998474121094,58.189998626708984,59.439998626708984,58.68000030517578,7870889,58.68000030517578,2018-10-08
1539126000,58.70000076293945,57.060001373291016,58.68000030517578,57.81999969482422,10107784,57.81999969482422,2018-10-09
1539212400,57.849998474121094,50.20000076293945,57.81999969482422,50.810001373291016,33178540,50.810001373291016,2018-10-10
1539298800,53.68000030517578,50.439998626708984,50.810001373291016,53.29999923706055,15424191,53.29999923706055,2018-10-11
1539385200,54.29999923706055,52.95000076293945,53.29999923706055,53.41999816894531,8377524,53.41999816894531,2018-10-12
1539471600,53.77000045776367,51.650001525878906,53.41999816894531,51.939998626708984,9270241,51.939998626708984,2018-10-13
1539558000,58.54999923706055,51.59000015258789,51.939998626708984,54.68000030517578,38556427,54.68000030517578,2018-10-14
1539644400,55.4900016784668,53.279998779296875,54.68000030517578,53.900001525878906,11032317,53.900001525878906,2018-10-15
1539730800,53.93000030517578,52.939998626708984,53.900001525878906,53.66999816894531,9685583,53.66999816894531,2018-10-16
1539817200,54.2599983215332,51.790000915527344,53.66999816894531,52.349998474121094,8603917,52.349998474121094,2018-10-17
1539903600,53.619998931884766,51.93000030517578,52.349998474121094,52.810001373291016,7968796,52.810001373291016,2018-10-18
1539990000,53.45000076293945,52.43000030517578,52.810001373291016,53.310001373291016,4957710,53.310001373291016,2018-10-19
1540076400,53.7599983215332,52.58000183105469,53.310001373291016,52.7599983215332,5265483,52.7599983215332,2018-10-20
1540162800,53.08000183105469,51.93000030517578,52.7599983215332,52.119998931884766,6863650,52.119998931884766,2018-10-21
1540249200,53.099998474121094,51.849998474121094,52.119998931884766,52.599998474121094,7162957,52.599998474121094,2018-10-22
1540335600,53.08000183105469,52.0,52.599998474121094,52.27000045776367,5846770,52.27000045776367,2018-10-23
1540422000,53.02000045776367,51.959999084472656,52.27000045776367,52.16999816894531,4499207,52.16999816894531,2018-10-24
1540508400,52.869998931884766,51.619998931884766,52.16999816894531,52.04999923706055,7971072,52.04999923706055,2018-10-25
1540594800,52.290000915527344,51.599998474121094,52.04999923706055,51.900001525878906,4184309,51.900001525878906,2018-10-26
1540681200,52.119998931884766,51.45000076293945,51.900001525878906,51.790000915527344,4570047,51.790000915527344,2018-10-27
1540771200,51.900001525878906,47.7400016784668,51.790000915527344,48.709999084472656,15297627,48.709999084472656,2018-10-29
1540857600,49.41999816894531,48.54999923706055,48.709999084472656,49.040000915527344,7094527,49.040000915527344,2018-10-30
1540944000,50.439998626708984,47.790000915527344,49.040000915527344,49.68000030517578,8946708,49.68000030517578,2018-10-31
1541030400,50.560001373291016,49.599998474121094,49.66999816894531,50.33000183105469,5943413,50.33000183105469,2018-11-01
1541116800,51.88999938964844,50.25,50.33000183105469,51.40999984741211,8148048,51.40999984741211,2018-11-02
1541203200,51.459999084472656,50.52000045776367,51.40999984741211,50.81999969482422,4418994,50.81999969482422,2018-11-03
1541289600,56.06999969482422,50.65999984741211,50.81999969482422,54.22999954223633,16414380,54.22999954223633,2018-11-04
1541376000,54.849998474121094,52.86000061035156,54.22999954223633,53.63999938964844,10714569,53.63999938964844,2018-11-05
1541462400,56.18000030517578,53.619998931884766,53.63999938964844,56.029998779296875,13567893,56.029998779296875,2018-11-06
1541548800,56.529998779296875,53.400001525878906,56.029998779296875,54.060001373291016,12371141,54.060001373291016,2018-11-07
1541635200,54.66999816894531,52.13999938964844,54.060001373291016,52.279998779296875,8795110,52.279998779296875,2018-11-08
1541721600,52.650001525878906,51.310001373291016,52.279998779296875,51.88999938964844,6816154,51.88999938964844,2018-11-09
1541808000,52.54999923706055,51.66999816894531,51.88999938964844,52.18000030517578,3298761,52.18000030517578,2018-11-10
1541894400,52.22999954223633,49.7599983215332,52.18000030517578,51.119998931884766,7468914,51.119998931884766,2018-11-11
1541980800,51.619998931884766,50.290000915527344,51.119998931884766,50.68000030517578,6230682,50.68000030517578,2018-11-12
1542067200,50.84000015258789,48.849998474121094,50.68000030517578,49.41999816894531,9273328,49.41999816894531,2018-11-13
1542153600,50.47999954223633,41.119998931884766,49.41999816894531,43.380001068115234,42450676,43.380001068115234,2018-11-14
1542240000,44.2599983215332,40.130001068115234,43.380001068115234,43.959999084472656,29520231,43.959999084472656,2018-11-15
1542326400,44.18000030517578,41.790000915527344,43.959999084472656,42.279998779296875,11300122,42.279998779296875,2018-11-16
1542412800,42.279998779296875,41.529998779296875,42.279998779296875,41.83000183105469,5320125,41.83000183105469,2018-11-17
1542499200,43.18000030517578,41.810001373291016,41.83000183105469,42.130001068115234,5759022,42.130001068115234,2018-11-18
1542585600,42.150001525878906,35.27000045776367,42.130001068115234,36.27000045776367,37987533,36.27000045776367,2018-11-19
1542672000,37.97999954223633,30.770000457763672,36.27000045776367,32.849998474121094,50958372,32.849998474121094,2018-11-20
1542758400,34.68000030517578,31.510000228881836,32.86000061035156,34.59000015258789,23743174,34.59000015258789,2018-11-21
1542844800,34.959999084472656,31.40999984741211,34.599998474121094,31.559999465942383,13876022,31.559999465942383,2018-11-22
1542931200,33.11000061035156,30.6299991607666,31.559999465942383,32.04999923706055,17397437,32.04999923706055,2018-11-23
1543017600,33.36000061035156,28.329999923706055,32.04999923706055,29.0,19592278,29.0,2018-11-24
1543104000,32.2400016784668,26.850000381469727,29.0,30.84000015258789,31497707,30.84000015258789,2018-11-25
1543190400,32.150001525878906,27.989999771118164,30.84000015258789,29.5,28379307,29.5,2018-11-26
1543276800,31.6299991607666,28.549999237060547,29.5,31.1299991607666,17948825,31.1299991607666,2018-11-27
1543363200,36.2400016784668,31.010000228881836,31.1299991607666,34.630001068115234,32133515,34.630001068115234,2018-11-28
1543449600,35.56999969482422,32.939998626708984,34.630001068115234,33.68000030517578,18853108,33.68000030517578,2018-11-29
1543536000,34.279998779296875,31.020000457763672,33.68000030517578,31.850000381469727,16439613,31.850000381469727,2018-11-30
1543622400,35.04999923706055,31.200000762939453,31.850000381469727,34.119998931884766,12892097,34.119998931884766,2018-12-01
1543708800,35.06999969482422,32.9900016784668,34.130001068115234,33.58000183105469,11060467,33.58000183105469,2018-12-02
1543795200,33.689998626708984,29.799999237060547,33.59000015258789,30.700000762939453,18020135,30.700000762939453,2018-12-03
1543881600,32.099998474121094,29.690000534057617,30.700000762939453,30.950000762939453,13235026,30.950000762939453,2018-12-04
1543968000,31.260000228881836,28.84000015258789,30.950000762939453,28.920000076293945,13948517,28.920000076293945,2018-12-05
1544054400,30.360000610351562,25.989999771118164,28.920000076293945,26.530000686645508,22230279,26.530000686645508,2018-12-06
1544140800,26.610000610351562,22.360000610351562,26.530000686645508,25.0,34446270,25.0,2018-12-07
1544227200,26.690000534057617,23.1200008392334,25.0,24.5,21919748,24.5,2018-12-08
1544313600,27.030000686645508,24.43000030517578,24.5,25.600000381469727,12661857,25.600000381469727,2018-12-09
1544400000,25.959999084472656,23.8700008392334,25.600000381469727,24.280000686645508,13244232,24.280000686645508,2018-12-10
1544486400,24.690000534057617,22.950000762939453,24.280000686645508,23.43000030517578,9721588,23.43000030517578,2018-12-11
1544572800,25.31999969482422,23.239999771118164,23.43000030517578,24.360000610351562,11917605,24.360000610351562,2018-12-12
1544659200,24.489999771118164,22.940000534057617,24.360000610351562,23.100000381469727,10572425,23.100000381469727,2018-12-13
1544745600,23.68000030517578,22.479999542236328,23.100000381469727,23.360000610351562,11827847,23.360000610351562,2018-12-14
1544832000,24.059999465942383,23.100000381469727,23.360000610351562,23.709999084472656,8936978,23.709999084472656,2018-12-15
1544918400,27.059999465942383,23.5,23.709999084472656,25.649999618530273,24890409,25.649999618530273,2018-12-16
1545004800,30.799999237060547,25.579999923706055,25.649999618530273,29.309999465942383,37232459,29.309999465942383,2018-12-17
1545091200,30.579999923706055,28.1200008392334,29.309999465942383,30.440000534057617,19741106,30.440000534057617,2018-12-18
1545177600,31.90999984741211,29.020000457763672,30.440000534057617,29.389999389648438,29642746,29.389999389648438,2018-12-19
1545264000,33.56999969482422,29.06999969482422,29.389999389648438,32.83000183105469,34750984,32.83000183105469,2018-12-20
1545350400,33.470001220703125,29.950000762939453,32.83000183105469,30.540000915527344,25137331,30.540000915527344,2018-12-21
1545436800,32.13999938964844,30.1200008392334,30.540000915527344,32.130001068115234,10015637,32.130001068115234,2018-12-22
1545523200,34.29999923706055,32.0,32.130001068115234,33.5,18083602,33.5,2018-12-23
1545609600,37.02000045776367,32.77000045776367,33.5,33.279998779296875,34678163,33.279998779296875,2018-12-24
1545696000,33.33000183105469,29.979999542236328,33.279998779296875,31.1200008392334,19791907,31.1200008392334,2018-12-25
1545782400,32.31999969482422,29.31999969482422,31.1200008392334,30.889999389648438,16489672,30.889999389648438,2018-12-26
1545868800,31.420000076293945,27.799999237060547,30.889999389648438,28.049999237060547,14499948,28.049999237060547,2018-12-27
1545955200,34.02000045776367,28.049999237060547,28.049999237060547,32.65999984741211,22119392,32.65999984741211,2018-12-28
1546041600,33.65999984741211,30.860000610351562,32.65999984741211,31.049999237060547,15766864,31.049999237060547,2018-12-29
1546128000,32.41999816894531,30.510000228881836,31.049999237060547,32.02000045776367,10115468,32.02000045776367,2018-12-30
1546214400,32.209999084472656,29.780000686645508,32.02000045776367,30.1299991607666,11560339,30.1299991607666,2018-12-31
1546300800,32.41999816894531,29.6299991607666,30.1299991607666,32.119998931884766,9487755,32.119998931884766,2019-01-01
1546387200,34.060001373291016,31.8700008392334,32.119998931884766,33.400001525878906,10542080,33.400001525878906,2019-01-02
1546473600,33.54999923706055,31.010000228881836,33.400001525878906,32.029998779296875,8407434,32.029998779296875,2019-01-03
1546560000,33.06999969482422,31.399999618530273,32.029998779296875,32.439998626708984,9571642,32.439998626708984,2019-01-04
1546646400,36.61000061035156,32.43000030517578,32.439998626708984,34.939998626708984,26242864,34.939998626708984,2019-01-05
1546732800,40.630001068115234,34.61000061035156,34.939998626708984,39.45000076293945,46298470,39.45000076293945,2019-01-06
1546819200,40.04999923706055,37.220001220703125,39.45000076293945,37.97999954223633,18754874,37.97999954223633,2019-01-07
1546905600,41.5,37.79999923706055,37.97999954223633,39.560001373291016,32664600,39.560001373291016,2019-01-08
1546992000,40.5099983215332,38.7599983215332,39.560001373291016,38.91999816894531,17461355,38.91999816894531,2019-01-09
1547078400,39.61000061035156,32.29999923706055,38.91999816894531,33.54999923706055,36893380,33.54999923706055,2019-01-10
1547164800,33.91999816894531,31.3700008392334,33.54999923706055,32.0,16929553,32.0,2019-01-11
1547251200,32.619998931884766,31.760000228881836,32.0,32.2599983215332,7476374,32.2599983215332,2019-01-12
1547337600,33.15999984741211,29.75,32.2599983215332,30.110000610351562,14679267,30.110000610351562,2019-01-13
1547424000,33.18000030517578,29.979999542236328,30.110000610351562,32.36000061035156,15211119,32.36000061035156,2019-01-14
1547510400,32.70000076293945,30.68000030517578,32.36000061035156,31.270000457763672,14517174,31.270000457763672,2019-01-15
1547596800,32.20000076293945,30.93000030517578,31.270000457763672,31.6299991607666,9131089,31.6299991607666,2019-01-16
1547683200,31.969999313354492,30.209999084472656,31.6299991607666,31.829999923706055,13550416,31.829999923706055,2019-01-17
1547769600,31.950000762939453,30.700000762939453,31.829999923706055,31.1299991607666,6279392,31.1299991607666,2019-01-18
1547856000,33.560001373291016,31.1299991607666,31.1299991607666,32.56999969482422,10498137,32.56999969482422,2019-01-19
1547942400,33.40999984741211,30.479999542236328,32.56999969482422,30.760000228881836,14879390,30.760000228881836,2019-01-20
1548028800,31.3700008392334,30.56999969482422,30.760000228881836,31.040000915527344,8734012,31.040000915527344,2019-01-21
1548115200,32.33000183105469,29.790000915527344,31.040000915527344,31.799999237060547,16668444,31.799999237060547,2019-01-22
1548201600,32.41999816894531,31.489999771118164,31.799999237060547,31.889999389648438,9501120,31.889999389648438,2019-01-23
1548288000,33.22999954223633,31.290000915527344,31.889999389648438,32.83000183105469,13092655,32.83000183105469,2019-01-24
1548374400,33.2400016784668,32.11000061035156,32.83000183105469,32.90999984741211,10489840,32.90999984741211,2019-01-25
1548460800,34.189998626708984,32.7400016784668,32.90999984741211,32.97999954223633,11029096,32.97999954223633,2019-01-26
1548547200,33.25,31.43000030517578,32.97999954223633,32.34000015258789,9771662,32.34000015258789,2019-01-27
1548633600,32.599998474121094,30.110000610351562,32.34000015258789,31.15999984741211,13945422,31.15999984741211,2019-01-28
1548720000,31.450000762939453,30.139999389648438,31.15999984741211,31.010000228881836,6855506,31.010000228881836,2019-01-29
1548806400,32.06999969482422,30.68000030517578,31.010000228881836,31.829999923706055,8181417,31.829999923706055,2019-01-30
1548892800,32.4900016784668,31.15999984741211,31.829999923706055,31.520000457763672,7035895,31.520000457763672,2019-01-31
1548979200,33.56999969482422,30.850000381469727,31.520000457763672,32.72999954223633,18195716,32.72999954223633,2019-02-01
1549065600,34.93000030517578,32.619998931884766,32.72999954223633,34.540000915527344,14161008,34.540000915527344,2019-02-02
1549152000,34.900001525878906,32.83000183105469,34.540000915527344,33.2599983215332,17235890,33.2599983215332,2019-02-03
1549238400,34.31999969482422,33.2599983215332,33.2599983215332,33.970001220703125,9547721,33.970001220703125,2019-02-04
1549324800,34.380001068115234,33.59000015258789,33.970001220703125,34.27000045776367,7498057,34.27000045776367,2019-02-05
1549411200,34.41999816894531,32.22999954223633,34.27000045776367,32.810001373291016,13979420,32.810001373291016,2019-02-06
1549497600,33.529998779296875,32.7599983215332,32.810001373291016,33.18000030517578,5986083,33.18000030517578,2019-02-07
1549584000,46.20000076293945,32.84000015258789,33.18000030517578,43.130001068115234,84055816,43.130001068115234,2019-02-08
1549670400,46.0,42.34000015258789,43.130001068115234,44.61000061035156,41263058,44.61000061035156,2019-02-09
1549756800,47.41999816894531,42.119998931884766,44.61000061035156,46.86000061035156,43130681,46.86000061035156,2019-02-10
1549843200,46.91999816894531,41.720001220703125,46.86000061035156,42.849998474121094,37222377,42.849998474121094,2019-02-11
1549929600,44.63999938964844,41.880001068115234,42.849998474121094,43.93000030517578,23571151,43.93000030517578,2019-02-12
1550016000,44.7599983215332,40.720001220703125,43.93000030517578,41.689998626708984,24294209,41.689998626708984,2019-02-13
1550102400,42.40999984741211,40.349998474121094,41.689998626708984,41.38999938964844,16171844,41.38999938964844,2019-02-14
1550188800,44.529998779296875,41.29999923706055,41.38999938964844,42.689998626708984,22527408,42.689998626708984,2019-02-15
1550275200,44.45000076293945,42.400001525878906,42.689998626708984,43.560001373291016,18426867,43.560001373291016,2019-02-16
1550361600,45.20000076293945,42.77000045776367,43.560001373291016,44.060001373291016,21549854,44.060001373291016,2019-02-17
1550448000,49.22999954223633,43.70000076293945,44.060001373291016,47.880001068115234,52653038,47.880001068115234,2019-02-18
1550534400,49.27000045776367,46.91999816894531,47.880001068115234,47.349998474121094,28910849,47.349998474121094,2019-02-19
1550620800,52.43000030517578,46.599998474121094,47.349998474121094,51.68000030517578,46073399,51.68000030517578,2019-02-20
1550707200,51.83000183105469,48.040000915527344,51.68000030517578,48.9900016784668,29601563,48.9900016784668,2019-02-21
1550793600,50.08000183105469,48.25,48.9900016784668,49.63999938964844,22370701,49.63999938964844,2019-02-22
1550880000,52.22999954223633,48.27000045776367,49.63999938964844,51.79999923706055,29571108,51.79999923706055,2019-02-23
1550966400,53.97999954223633,42.9900016784668,51.79999923706055,43.97999954223633,53400456,43.97999954223633,2019-02-24
1551052800,47.099998474121094,43.869998931884766,43.97999954223633,45.7599983215332,27597859,45.7599983215332,2019-02-25
1551139200,46.130001068115234,44.470001220703125,45.7599983215332,45.04999923706055,15035190,45.04999923706055,2019-02-26
1551225600,45.75,43.0,45.04999923706055,45.369998931884766,19754320,45.369998931884766,2019-02-27
1551312000,47.02000045776367,45.040000915527344,45.369998931884766,45.91999816894531,20601471,45.91999816894531,2019-02-28
1551398400,49.209999084472656,45.810001373291016,45.91999816894531,47.380001068115234,22331216,47.380001068115234,2019-03-01
1551484800,49.630001068115234,46.93000030517578,47.380001068115234,48.900001525878906,16000113,48.900001525878906,2019-03-02
1551571200,49.38999938964844,47.5099983215332,48.900001525878906,48.16999816894531,12354527,48.16999816894531,2019-03-03
1551657600,48.5,45.04999923706055,48.16999816894531,46.130001068115234,20225824,46.130001068115234,2019-03-04
1551744000,54.68000030517578,45.790000915527344,46.130001068115234,52.970001220703125,53767660,52.970001220703125,2019-03-05
1551830400,57.119998931884766,51.7400016784668,52.970001220703125,55.849998474121094,45099842,55.849998474121094,2019-03-06
1551916800,59.66999816894531,54.31999969482422,55.849998474121094,57.2400016784668,62850020,57.2400016784668,2019-03-07
1552003200,58.060001373291016,54.65999984741211,57.2400016784668,56.0,36929888,56.0,2019-03-08
1552089600,59.970001220703125,55.810001373291016,56.0,58.18000030517578,35616997,58.18000030517578,2019-03-09
1552176000,58.2599983215332,56.34000015258789,58.18000030517578,57.04999923706055,20109173,57.04999923706055,2019-03-10
1552262400,57.68000030517578,54.41999816894531,57.04999923706055,55.34000015258789,28027927,55.34000015258789,2019-03-11
1552348800,57.40999984741211,52.849998474121094,55.34000015258789,56.970001220703125,35704676,56.970001220703125,2019-03-12
1552435200,57.189998626708984,54.880001068115234,56.970001220703125,55.849998474121094,19651084,55.849998474121094,2019-03-13
1552521600,58.36000061035156,53.75,55.849998474121094,56.34000015258789,26061662,56.34000015258789,2019-03-14
1552608000,59.529998779296875,56.34000015258789,56.34000015258789,58.90999984741211,26872691,58.90999984741211,2019-03-15
1552694400,62.41999816894531,58.900001525878906,58.90999984741211,61.61000061035156,37934813,61.61000061035156,2019-03-16
1552780800,61.66999816894531,60.11000061035156,61.61000061035156,60.970001220703125,15515518,60.970001220703125,2019-03-17
1552867200,62.970001220703125,58.630001068115234,60.970001220703125,59.66999816894531,29816436,59.66999816894531,2019-03-18
1552953600,60.560001373291016,58.90999984741211,59.66999816894531,60.16999816894531,26075400,60.16999816894531,2019-03-19
1553040000,61.40999984741211,57.63999938964844,60.16999816894531,60.90999984741211,26738191,60.90999984741211,2019-03-20
1553126400,61.18000030517578,57.72999954223633,60.90999984741211,58.900001525878906,24050017,58.900001525878906,2019-03-21
1553212800,60.04999923706055,58.439998626708984,58.900001525878906,59.61000061035156,17858409,59.61000061035156,2019-03-22
1553299200,61.7599983215332,59.40999984741211,59.61000061035156,61.130001068115234,16110632,61.130001068115234,2019-03-23
1553385600,61.150001525878906,59.220001220703125,61.130001068115234,59.95000076293945,12148395,59.95000076293945,2019-03-24
1553472000,60.7400016784668,58.439998626708984,59.95000076293945,59.15999984741211,22042229,59.15999984741211,2019-03-25
1553558400,59.38999938964844,57.630001068115234,59.15999984741211,59.08000183105469,18059979,59.08000183105469,2019-03-26
1553644800,62.060001373291016,58.959999084472656,59.08000183105469,61.77000045776367,28520711,61.77000045776367,2019-03-27
1553731200,61.77000045776367,60.529998779296875,61.77000045776367,60.7400016784668,10750955,60.7400016784668,2019-03-28
1553817600,62.060001373291016,60.34000015258789,60.7400016784668,61.810001373291016,17513213,61.810001373291016,2019-03-29
1553904000,61.959999084472656,60.06999969482422,61.810001373291016,60.709999084472656,13893502,60.709999084472656,2019-03-30
1553990400,60.91999816894531,60.13999938964844,60.709999084472656,60.779998779296875,7340032,60.779998779296875,2019-03-31
1554073200,61.15999984741211,60.310001373291016,60.779998779296875,60.70000076293945,10612221,60.70000076293945,2019-03-31
1554159600,79.30000305175781,60.540000915527344,60.70000076293945,77.66999816894531,106916001,77.66999816894531,2019-04-01
1554246000,99.51000213623047,75.80000305175781,77.66999816894531,85.58000183105469,275141280,85.58000183105469,2019-04-02
1554332400,90.44000244140625,80.87999725341797,85.58000183105469,85.1500015258789,87772734,85.1500015258789,2019-04-03
1554418800,90.5999984741211,84.55000305175781,85.1500015258789,88.94999694824219,47567521,88.94999694824219,2019-04-04
1554505200,98.12999725341797,85.7300033569336,88.94999694824219,92.62999725341797,85304471,92.62999725341797,2019-04-05
1554591600,95.94999694824219,89.4800033569336,92.62999725341797,92.16000366210938,45227857,92.16000366210938,2019-04-06
1554678000,94.36000061035156,86.76000213623047,92.16000366210938,89.61000061035156,52290938,89.61000061035156,2019-04-07
1554764400,89.80000305175781,84.0999984741211,89.61000061035156,87.0199966430664,35219742,87.0199966430664,2019-04-08
1554850800,91.94000244140625,86.55000305175781,87.0199966430664,88.33999633789062,43012158,88.33999633789062,2019-04-09
1554937200,88.66000366210938,75.45999908447266,88.33999633789062,79.44000244140625,65966674,79.44000244140625,2019-04-10
1555023600,81.2699966430664,75.72000122070312,79.44000244140625,78.9800033569336,31699968,78.9800033569336,2019-04-11
1555110000,81.69000244140625,76.48999786376953,78.9800033569336,78.1500015258789,22750241,78.1500015258789,2019-04-12
1555196400,84.11000061035156,76.6500015258789,78.1500015258789,83.94000244140625,26572376,83.94000244140625,2019-04-13
1555282800,84.87000274658203,75.08999633789062,83.94000244140625,78.2699966430664,50093126,78.2699966430664,2019-04-14
1555369200,81.87999725341797,77.33999633789062,78.2699966430664,81.02999877929688,29190460,81.02999877929688,2019-04-15
1555455600,82.25,78.79000091552734,81.02999877929688,79.33999633789062,19601415,79.33999633789062,2019-04-16
1555542000,84.05999755859375,79.30999755859375,79.33999633789062,82.2699966430664,32895650,82.2699966430664,2019-04-17
1555628400,83.69000244140625,80.25,82.2699966430664,82.69999694824219,23768207,82.69999694824219,2019-04-18
1555714800,83.20999908447266,79.91000366210938,82.69999694824219,81.69000244140625,16021066,81.69000244140625,2019-04-19
1555801200,82.37999725341797,73.81999969482422,81.69000244140625,77.38999938964844,37374750,77.38999938964844,2019-04-20
1555887600,78.37999725341797,75.61000061035156,77.38999938964844,77.13999938964844,32399030,77.13999938964844,2019-04-21
1555974000,79.9800033569336,74.05999755859375,77.13999938964844,74.26000213623047,40426825,74.26000213623047,2019-04-22
1556060400,75.22000122070312,70.66999816894531,74.26000213623047,73.33999633789062,44933944,73.33999633789062,2019-04-23
1556146800,74.80000305175781,69.55000305175781,73.33999633789062,71.0,33677881,71.0,2019-04-24
1556233200,74.26000213623047,69.38999938964844,71.0,72.80000305175781,34173341,72.80000305175781,2019-04-25
1556319600,72.9800033569336,71.20999908447266,72.80000305175781,71.30999755859375,9823319,71.30999755859375,2019-04-26
1556406000,72.12000274658203,68.16999816894531,71.54000091552734,69.0999984741211,19081863,69.0999984741211,2019-04-27
1556492400,69.6500015258789,66.12999725341797,69.0999984741211,67.94000244140625,19040237,67.94000244140625,2019-04-28
1556578800,75.55000305175781,67.94000244140625,67.94000244140625,75.12000274658203,32676813,75.12000274658203,2019-04-29
1556665200,76.44000244140625,72.47000122070312,75.12000274658203,73.8499984741211,20640192,73.8499984741211,2019-04-30
1556751600,75.38999938964844,72.91000366210938,73.8499984741211,73.86000061035156,14247007,73.86000061035156,2019-05-01
1556838000,81.26000213623047,73.48999786376953,73.86000061035156,79.29000091552734,38328796,79.29000091552734,2019-05-02
1556924400,82.9800033569336,74.88999938964844,79.29000091552734,78.12999725341797,33490956,78.12999725341797,2019-05-03
1557010800,78.45999908447266,75.73999786376953,78.12999725341797,75.98999786376953,13801585,75.98999786376953,2019-05-04
1557097200,77.44999694824219,72.01000213623047,75.98999786376953,75.4800033569336,30549117,75.4800033569336,2019-05-05
1557183600,79.2300033569336,73.91999816894531,75.4800033569336,74.27999877929688,34561616,74.27999877929688,2019-05-06
1557270000,76.0,72.54000091552734,74.27999877929688,75.05000305175781,27869743,75.05000305175781,2019-05-07
1557356400,76.25,72.66999816894531,75.05000305175781,74.06999969482422,23396317,74.06999969482422,2019-05-08
1557442800,79.3499984741211,72.6500015258789,74.06999969482422,76.80000305175781,37418168,76.80000305175781,2019-05-09
1557529200,95.56999969482422,76.80000305175781,76.80000305175781,88.0,119735064,88.0,2019-05-10
1557615600,93.97000122070312,83.63999938964844,88.0,84.83000183105469,105778608,84.83000183105469,2019-05-11
1557702000,93.01000213623047,84.2699966430664,84.83000183105469,87.62999725341797,88541268,87.62999725341797,2019-05-12
1557788400,94.2300033569336,86.04000091552734,87.62999725341797,91.5,84347816,91.5,2019-05-13
1557874800,104.19999694824219,90.5999984741211,91.5,102.16999816894531,132205809,102.16999816894531,2019-05-14
1557961200,107.3499984741211,90.87000274658203,102.16999816894531,95.66000366210938,138495208,95.66000366210938,2019-05-15
1558047600,97.44000244140625,84.44999694824219,95.66000366210938,89.9800033569336,94231089,89.9800033569336,2019-05-16
1558134000,90.69999694824219,85.29000091552734,89.9800033569336,86.70999908447266,23627769,86.70999908447266,2019-05-17
1558220400,97.18000030517578,86.29000091552734,86.70999908447266,95.05999755859375,59765605,95.05999755859375,2019-05-18
1558306800,95.05999755859375,87.44999694824219,95.05999755859375,91.63999938964844,46265048,91.63999938964844,2019-05-19
1558393200,93.43000030517578,89.4000015258789,91.63999938964844,91.23999786376953,26482019,91.23999786376953,2019-05-20
1558479600,92.45999908447266,85.73999786376953,91.23999786376953,87.7300033569336,43067466,87.7300033569336,2019-05-21
1558566000,89.77999877929688,84.80999755859375,87.7300033569336,88.88999938964844,25228830,88.88999938964844,2019-05-22
1558652400,103.87000274658203,88.31999969482422,88.88999938964844,100.54000091552734,95413936,100.54000091552734,2019-05-23
1558738800,104.97000122070312,99.0,100.54000091552734,102.97000122070312,53834523,102.97000122070312,2019-05-24
1558825200,114.5999984741211,99.2300033569336,102.97000122070312,112.4800033569336,75929219,112.4800033569336,2019-05-25
1558911600,122.01000213623047,111.4800033569336,112.4800033569336,116.94999694824219,116815063,116.94999694824219,2019-05-26
1558998000,118.31999969482422,111.4800033569336,116.94999694824219,114.93000030517578,59757827,114.93000030517578,2019-05-27
1559084400,118.44000244140625,108.80999755859375,114.93000030517578,115.29000091552734,65505601,115.29000091552734,2019-05-28
1559170800,120.83000183105469,102.08999633789062,115.29000091552734,108.05000305175781,126986475,108.05000305175781,2019-05-29
1559257200,114.66999816894531,104.56999969482422,108.05000305175781,114.4000015258789,53707340,114.4000015258789,2019-05-30
1559343600,115.98999786376953,110.98999786376953,114.4000015258789,112.44999694824219,45332248,112.44999694824219,2019-05-31
1559430000,116.62000274658203,111.72000122070312,112.44999694824219,114.58000183105469,33350726,114.58000183105469,2019-06-01
1559516400,116.19999694824219,104.7300033569336,114.58000183105469,105.86000061035156,67628309,105.86000061035156,2019-06-02
1559602800,106.26000213623047,97.52999877929688,105.86000061035156,102.12000274658203,94029316,102.12000274658203,2019-06-03
1559689200,105.63999938964844,100.16000366210938,102.12000274658203,103.8499984741211,42155538,103.8499984741211,2019-06-04
1559775600,112.16999816894531,101.12000274658203,103.8499984741211,111.41000366210938,54665468,111.41000366210938,2019-06-05
1559862000,121.23999786376953,109.9800033569336,111.41000366210938,117.08000183105469,99567398,117.08000183105469,2019-06-06
1559948400,120.0199966430664,114.04000091552734,117.08000183105469,118.51000213623047,50810494,118.51000213623047,2019-06-07
1560034800,119.23999786376953,111.41999816894531,118.51000213623047,114.87000274658203,57577635,114.87000274658203,2019-06-08
1560121200,130.60000610351562,112.69999694824219,114.87000274658203,129.8300018310547,134810621,129.8300018310547,2019-06-09
1560207600,138.88999938964844,125.43000030517578,129.8300018310547,136.0800018310547,146752666,136.0800018310547,2019-06-10
1560294000,144.10000610351562,130.66000366210938,136.0800018310547,136.16000366210938,178167094,136.16000366210938,2019-06-11
1560380400,136.8800048828125,128.1999969482422,136.16000366210938,130.86000061035156,97769556,130.86000061035156,2019-06-12
1560466800,133.13999938964844,125.76000213623047,130.86000061035156,132.7100067138672,90240790,132.7100067138672,2019-06-13
1560553200,139.9499969482422,132.60000610351562,132.7100067138672,138.35000610351562,75572742,138.35000610351562,2019-06-14
1560639600,138.99000549316406,133.82000732421875,138.35000610351562,136.9499969482422,73161853,136.9499969482422,2019-06-15
1560726000,137.24000549316406,132.1999969482422,136.9499969482422,134.19000244140625,55550896,134.19000244140625,2019-06-16
1560812400,136.83999633789062,128.9499969482422,134.19000244140625,135.1300048828125,71740945,135.1300048828125,2019-06-17
1560898800,139.72999572753906,133.74000549316406,135.1300048828125,136.8300018310547,66785121,136.8300018310547,2019-06-18
1560985200,137.14999389648438,133.52000427246094,136.8300018310547,135.77999877929688,45190399,135.77999877929688,2019-06-19
1561071600,141.52000427246094,135.60000610351562,135.77999877929688,139.07000732421875,97460299,139.07000732421875,2019-06-20
1561158000,146.22000122070312,137.83999633789062,139.07000732421875,141.77000427246094,151828308,141.77000427246094,2019-06-21
1561244400,142.5399932861328,135.6999969482422,141.77000427246094,136.8300018310547,66259643,136.8300018310547,2019-06-22
1561330800,136.83999633789062,132.39999389648438,136.8300018310547,135.39999389648438,67623179,135.39999389648438,2019-06-23
1561417200,138.17999267578125,128.94000244140625,135.39999389648438,135.50999450683594,77855980,135.50999450683594,2019-06-24
1561503600,138.10000610351562,124.62999725341797,135.50999450683594,130.52000427246094,167536020,130.52000427246094,2019-06-25
1561590000,131.91000366210938,109.80000305175781,130.52000427246094,114.23999786376953,187412748,114.23999786376953,2019-06-26
1561676400,121.69000244140625,112.58999633789062,114.23999786376953,119.45999908447266,75718483,119.45999908447266,2019-06-27
1561762800,136.25999450683594,115.12000274658203,119.45999908447266,133.44000244140625,130527487,133.44000244140625,2019-06-28
1561849200,136.72000122070312,119.63999938964844,133.44000244140625,122.16000366210938,122496129,122.16000366210938,2019-06-29
1561935600,126.54000091552734,113.43000030517578,122.16000366210938,122.66999816894531,93695854,122.66999816894531,2019-06-30
1562022000,123.47000122070312,112.05999755859375,122.66999816894531,118.68000030517578,81213984,118.68000030517578,2019-07-01
1562108400,123.12000274658203,117.22000122070312,118.68000030517578,121.97000122070312,47270275,121.97000122070312,2019-07-02
1562194800,127.1500015258789,118.83999633789062,121.97000122070312,119.66999816894531,61088369,119.66999816894531,2019-07-03
1562281200,120.72000122070312,116.68000030517578,119.66999816894531,118.52999877929688,36829423,118.52999877929688,2019-07-04
1562367600,122.19999694824219,117.30999755859375,118.52999877929688,118.30999755859375,29641430,118.30999755859375,2019-07-05
1562454000,121.18000030517578,117.18000030517578,118.30999755859375,120.16999816894531,25074134,120.16999816894531,2019-07-06
1562540400,125.55999755859375,118.3499984741211,120.16999816894531,123.45999908447266,42627269,123.45999908447266,2019-07-07
1562626800,124.12999725341797,117.93000030517578,123.45999908447266,119.44000244140625,47649877,119.44000244140625,2019-07-08
1562713200,120.41999816894531,100.5999984741211,119.44000244140625,108.2300033569336,117716939,108.2300033569336,2019-07-09
1562799600,108.30000305175781,95.37999725341797,108.2300033569336,103.04000091552734,107441125,103.04000091552734,2019-07-10
1562886000,107.0199966430664,100.68000030517578,103.04000091552734,105.06999969482422,45922892,105.06999969482422,2019-07-11
1562972400,105.37999725341797,97.55000305175781,105.06999969482422,101.05999755859375,45660651,101.05999755859375,2019-07-12
1563058800,101.7699966430664,88.05999755859375,101.05999755859375,89.76000213623047,81062462,89.76000213623047,2019-07-13
1563145200,92.91999816894531,84.88999938964844,89.76000213623047,90.44999694824219,69654393,90.44999694824219,2019-07-14
1563231600,91.83999633789062,76.69000244140625,90.44999694824219,79.62999725341797,85001538,79.62999725341797,2019-07-15
1563318000,94.77999877929688,76.95999908447266,79.62999725341797,90.22000122070312,123945194,90.22000122070312,2019-07-16
1563404400,104.63999938964844,87.12000274658203,90.22000122070312,101.2699966430664,117878354,101.2699966430664,2019-07-17
1563490800,101.51000213623047,95.05000305175781,101.2699966430664,98.66000366210938,59177748,98.66000366210938,2019-07-18
1563577200,105.79000091552734,97.62000274658203,98.66000366210938,100.43000030517578,55318879,100.43000030517578,2019-07-19
1563663600,101.58999633789062,96.5,100.43000030517578,99.69000244140625,34298918,99.69000244140625,2019-07-20
1563750000,100.80999755859375,91.08000183105469,99.69000244140625,95.16999816894531,55904700,95.16999816894531,2019-07-21
1563836400,95.16999816894531,88.4800033569336,95.16999816894531,89.97000122070312,47232003,89.97000122070312,2019-07-22
1563922800,97.23999786376953,86.76000213623047,89.97000122070312,94.44000244140625,60787891,94.44000244140625,2019-07-23
1564009200,96.7300033569336,91.44000244140625,94.44000244140625,93.37000274658203,31292379,93.37000274658203,2019-07-24
1564095600,94.58999633789062,90.26000213623047,93.37000274658203,94.19999694824219,25229983,94.19999694824219,2019-07-25
1564182000,96.30000305175781,86.61000061035156,94.19999694824219,88.77999877929688,41042279,88.77999877929688,2019-07-26
1564268400,90.81999969482422,83.58000183105469,88.77999877929688,89.7699966430664,30279359,89.7699966430664,2019-07-27
1564354800,92.23999786376953,87.41000366210938,89.7699966430664,90.2699966430664,27355521,90.2699966430664,2019-07-28
1564441200,92.6500015258789,88.5,90.2699966430664,90.2699966430664,16539809,90.2699966430664,2019-07-29
1564527600,99.94000244140625,89.98999786376953,90.2699966430664,98.83999633789062,44906478,98.83999633789062,2019-07-30
1564614000,101.04000091552734,95.80999755859375,98.83999633789062,98.83999633789062,35563126,98.83999633789062,2019-07-31
1564700400,98.93000030517578,92.75,98.83999633789062,94.7699966430664,34237623,94.7699966430664,2019-08-01
1564786800,96.68000030517578,93.58999633789062,94.7699966430664,94.16000366210938,23272435,94.16000366210938,2019-08-02
1564873200,94.7300033569336,90.5999984741211,94.16000366210938,92.93000030517578,26611561,92.93000030517578,2019-08-03
1564959600,106.87000274658203,92.93000030517578,92.93000030517578,96.4000015258789,90359287,96.4000015258789,2019-08-04
1565046000,99.2300033569336,91.0,96.4000015258789,92.9800033569336,43453719,92.9800033569336,2019-08-05
1565132400,94.38999938964844,87.38999938964844,92.9800033569336,90.54000091552734,41440056,90.54000091552734,2019-08-06
1565218800,92.75,87.93000030517578,90.54000091552734,90.25,25654083,90.25,2019-08-07
